at_episode,split,mean_return,mean_cap_factor
10,val,185.37824291694693,0.46826410075028735
20,val,165.48394028711618,0.47085972368717194
30,val,306.3939277913325,0.6474109065532685
40,val,216.2252518651187,0.9415009792645772
50,val,255.61314927835218,0.9467446835835776
60,val,228.1654339589414,0.9161458206176758
