at_episode,split,mean_return,mean_cap_factor
10,val,125.04282968011714,0.49048972249031064
20,val,220.01325574237666,0.9513020833333333
30,val,205.18676339937792,0.9057291666666667
40,val,187.92199677679866,0.8848957316080729
50,val,237.60289180087904,0.9057291666666667
60,val,321.1479173335068,0.9161458333333333
