at_episode,split,mean_return,mean_cap_factor
10,val,191.98217991644051,0.4840292569001515
20,val,137.74483690370488,0.3991127185026805
30,val,0.0,0.0
40,val,216.251469121985,0.9415344206492107
50,val,255.63066908085096,0.9467447916666667
60,val,228.18543619201773,0.9161458333333333
