at_episode,split,mean_return,mean_cap_factor
10,val,190.06528414279148,0.47953183293342594
20,val,139.09628742039635,0.41081396003564197
30,val,376.4730926799764,0.8846301996707917
40,val,216.23161012238302,0.9415298950672151
50,val,255.61316908085098,0.9467447916666667
60,val,228.16543619201775,0.9161458333333333
