at_episode,split,mean_return,mean_cap_factor
10,val,187.00112835334664,0.47200715879599253
20,val,297.6672244253821,0.9512898321946462
30,val,376.5734502969324,0.8848958333333333
40,val,216.25185341364556,0.9415363927682241
50,val,255.63066908085096,0.9467447916666667
60,val,228.18543619201773,0.9161458333333333
