at_episode,split,mean_return,mean_cap_factor
10,val,127.46682458365058,0.4997176309426625
20,val,109.7755678198915,0.47236020366350806
30,val,205.2067294006392,0.9057289723555246
40,val,187.9419706563814,0.884895573457082
50,val,237.62289180087905,0.9057291666666667
60,val,321.1679173335068,0.9161458333333333
