at_episode,split,mean_return,mean_cap_factor
10,val,124.80618548612713,0.4894754878679911
20,val,210.1569182156931,0.9052962402502696
30,val,205.20533524439065,0.9057219239075979
40,val,187.87441606747853,0.8845356925328574
50,val,226.0278225256203,0.8656060270468393
60,val,318.2095704929603,0.9038485185305277
