at_episode,split,mean_return,mean_cap_factor
10,val,189.31367738280244,0.4775059904654821
20,val,296.8712862628914,0.9465944707393646
30,val,376.5729676158805,0.8848943813641865
40,val,216.25150631453005,0.9415349169572195
50,val,255.63066908085096,0.9467447916666667
60,val,228.18543619201773,0.9161458333333333
