at_episode,split,mean_return,mean_cap_factor
10,val,124.28205317886716,0.487645850777626
20,val,220.03075574237664,0.9513020833333333
30,val,199.46321103641492,0.8790459795792898
40,val,187.9420047555666,0.8848957717418671
50,val,237.62289180087905,0.9057291666666667
60,val,321.1679173335068,0.9161458333333333
