at_episode,split,mean_return,mean_cap_factor
10,val,188.05107863558374,0.47429853558540347
20,val,21.1607372731829,0.10510137396554152
30,val,2.3855264019154063,0.005859375
40,val,155.59471355284865,0.6927112217247486
50,val,255.6272151913783,0.9467307150363922
60,val,228.1850592042981,0.9161444250742594
