at_episode,split,mean_return,mean_cap_factor
10,val,124.44335458749595,0.48858646790186566
20,val,132.7149007495472,0.5684930729866028
30,val,205.20420692772404,0.9057161788145701
40,val,187.94001168871222,0.8848844162623087
50,val,237.6228859256563,0.905729143222173
60,val,321.1679173335068,0.9161458333333333
