at_episode,split,mean_return,mean_cap_factor
10,val,190.22424687262884,0.47992625852425896
20,val,290.0154545922268,0.9068794751167297
30,val,376.5147351682008,0.8847652268409729
40,val,216.21466711757796,0.9414553503195444
50,val,255.61304053651466,0.9467441936333975
60,val,228.165435123589,0.9161458273728689
