at_episode,split,mean_return,mean_cap_factor
10,val,123.85762609377306,0.48603930294513703
20,val,192.6477693104701,0.8277977577845255
30,val,172.3169763062637,0.7537034954627355
40,val,183.74998646879348,0.8640845366319021
50,val,235.75698864824273,0.8988744139671325
60,val,321.16791376087457,0.9161458190282186
