at_episode,split,mean_return,mean_cap_factor
10,val,194.7758207017432,0.4907329642772674
20,val,191.7450501253278,0.5328433521588644
30,val,376.56679002882856,0.8848750305175781
40,val,216.2513640452118,0.9415343459447225
50,val,255.63066908085096,0.9467447916666667
60,val,228.18543619201773,0.9161458333333333
