at_episode,split,mean_return,mean_cap_factor
10,val,125.23830280457102,0.4913370529810588
20,val,220.01325574237666,0.9513020833333333
30,val,205.18676339937792,0.9057291666666667
40,val,94.22905940547079,0.4168216782808304
50,val,204.88275550685535,0.781647100051244
60,val,319.60678902278164,0.9096900848547618
