at_episode,split,mean_return,mean_cap_factor
10,val,2.373164812500001,0.05
10,test,8.081487200000002,0.1
20,val,-7.244318037500005,0.1
20,test,0.0,0.0
30,val,-0.047797687499998964,0.1
30,test,13.149457200000002,0.1
40,val,-17.30772007500001,0.1
40,test,0.0,0.0
50,val,0.0,0.0
50,test,0.0,0.0
60,val,-1.185083275000001,0.05
60,test,0.0,0.0
70,val,0.5445254375000002,0.05
70,test,15.991753049999998,0.1
80,val,0.0,0.0
80,test,1.868288949999998,0.1
