at_episode,split,mean_return,mean_cap_factor
10,val,126.81502929701406,0.4973382647832235
20,val,141.70866650524692,0.6039830015103023
30,val,205.1863768163873,0.9056249753634136
40,val,187.94150772106212,0.8848926202456157
50,val,237.62289180087905,0.9057291666666667
60,val,321.1679173335068,0.9161458333333333
