at_episode,split,mean_return,mean_cap_factor
10,val,127.2774583896794,0.49983852744102475
20,val,120.18051207856915,0.5168402697642644
30,val,205.18372980962351,0.9057134966055552
40,val,187.92153919083853,0.8848929957548777
50,val,237.60289180087904,0.9057291666666667
60,val,321.1479173335068,0.9161458333333333
