at_episode,split,mean_return,mean_cap_factor
10,val,189.83591159357593,0.4787024287382762
20,val,284.2469018090208,0.8745967908700307
30,val,376.55594488929506,0.8848958178361257
40,val,216.23249994125857,0.9415336203575134
50,val,255.61316908085098,0.9467447916666667
60,val,228.16543619201775,0.9161458333333333
