at_episode,split,mean_return,mean_cap_factor
10,val,429.50314172445815,0.45627584881802863
20,val,428.70881574967166,0.883176139871842
30,val,460.3884815059284,0.8818969210537376
