at_episode,split,mean_return,mean_cap_factor
10,val,125.7983394743727,0.49345718224843343
20,val,116.62321236280243,0.4991039139032364
30,val,170.97690898229382,0.7526395694414775
40,val,187.91625377252598,0.8848653916517893
50,val,237.60288009788707,0.9057291201750437
60,val,321.1479173335068,0.9161458333333333
