at_episode,split,mean_return,mean_cap_factor
10,val,448.5543517040533,0.46260853134011004
20,val,300.8214570040956,0.45489976734252696
30,val,444.93589220242654,0.5164254883990074
40,val,462.4766,0.4729938926837241
50,val,393.84831641838684,0.43916193675792625
