at_episode,split,mean_return,mean_cap_factor
10,val,122.96015063942514,0.48296789745489754
20,val,90.96969904437395,0.39171224892139433
30,val,133.1224699427131,0.5787816401322683
40,val,180.45303783743162,0.8455318307876587
50,val,237.60123010124573,0.9057228573163351
60,val,321.147821054678,0.9161453906695047
