at_episode,split,mean_return,mean_cap_factor
10,val,190.09576277753013,0.47941952784856157
20,val,297.6330891815286,0.9510645775000255
30,val,376.5734502969324,0.8848958333333333
40,val,216.25186747347703,0.9415364583333333
50,val,255.63066908085096,0.9467447916666667
60,val,228.18543619201773,0.9161458333333333
