at_episode,split,mean_return,mean_cap_factor
10,val,192.17186615142973,0.4846998765071233
20,val,233.36415090863517,0.64186363697052
30,val,376.5734410062825,0.8848958071072897
40,val,216.25174940588585,0.941535983880361
50,val,255.63066908085096,0.9467447916666667
60,val,228.18543619201773,0.9161458333333333
