at_episode,split,mean_return,mean_cap_factor
10,val,188.27690781063512,0.4751333999633789
20,val,217.53314280249953,0.596943861246109
30,val,376.5559502969324,0.8848958333333333
40,val,216.23311747347702,0.9415364583333333
50,val,255.61316908085098,0.9467447916666667
60,val,228.16543619201775,0.9161458333333333
