at_episode,split,mean_return,mean_cap_factor
10,val,189.57992673591343,0.47794890324274697
20,val,297.66869206491856,0.9512984041372935
30,val,214.41236067598805,0.4434728424747785
40,val,216.2472041089598,0.9415153590838115
50,val,255.63066791976664,0.9467447857062021
60,val,228.18542936017104,0.9161458015441895
