at_episode,split,mean_return,mean_cap_factor
10,val,190.00733276375593,0.47949944376945497
20,val,294.5859988339497,0.9329123020172119
30,val,376.5559502969324,0.8848958333333333
40,val,216.23311747347702,0.9415364583333333
50,val,255.61316908085098,0.9467447916666667
60,val,228.16543619201775,0.9161458333333333
