at_episode,split,mean_return,mean_cap_factor
10,val,125.32613948232338,0.49129781862099964
20,val,220.03070090411364,0.9513017630577087
30,val,205.2067633993779,0.9057291666666667
40,val,187.94201445816338,0.8848958333333333
50,val,237.62289180087905,0.9057291666666667
60,val,321.1679173335068,0.9161458333333333
