at_episode,split,mean_return,mean_cap_factor
10,val,124.07492228400804,0.48635963300863905
20,val,220.01319493320187,0.9513017396132151
30,val,205.18676339937792,0.9057291666666667
40,val,187.92201445816337,0.8848958333333333
50,val,237.60289180087904,0.9057291666666667
60,val,321.1479173335068,0.9161458333333333
