at_episode,split,mean_return,mean_cap_factor
10,val,193.29786411618915,0.48730174501736956
20,val,168.66925601893954,0.4775627529621124
30,val,376.5733335456366,0.8848954765001933
40,val,216.25168669548287,0.9415354335308075
50,val,255.63066908085096,0.9467447916666667
60,val,228.18543619201773,0.9161458333333333
