at_episode,split,mean_return,mean_cap_factor
10,val,127.89704412153623,0.5015200682481129
20,val,220.03067557220902,0.9513016172250113
30,val,205.20529192851808,0.9057215571403503
40,val,187.9399949471395,0.8848839743932089
50,val,237.6227998564069,0.9057288026809692
60,val,321.16790381640214,0.9161457681655883
