at_episode,split,mean_return,mean_cap_factor
10,val,190.0651590785296,0.47961587766806285
20,val,182.91100319604868,0.5171941196918488
30,val,376.5559502969324,0.8848958333333333
40,val,216.23310826754192,0.9415364082654317
50,val,255.61316908085098,0.9467447916666667
60,val,228.16543619201775,0.9161458333333333
