at_episode,split,mean_return,mean_cap_factor
10,val,193.70981056105074,0.4880237332979838
20,val,228.55612691758927,0.6057214440902075
30,val,375.8270755151917,0.8824892107645671
40,val,167.3149743288722,0.7356302122275035
50,val,255.52776675104624,0.9463201880455017
60,val,228.16529162522804,0.916145156621933
