at_episode,split,mean_return,mean_cap_factor
10,val,189.41299233815784,0.4777108335494995
20,val,282.54137915597425,0.8641263258457184
30,val,376.5734220118941,0.8848957490921021
40,val,216.25177827939953,0.9415360538164774
50,val,255.63066908085096,0.9467447916666667
60,val,228.18543619201773,0.9161458333333333
