at_episode,split,mean_return,mean_cap_factor
10,val,122.6036027468927,0.4813501528898875
20,val,103.01489056447211,0.44399919251600906
30,val,60.2079148190311,0.26797017544507984
40,val,130.61068285405614,0.6025088814894358
50,val,224.5104238363403,0.8569949622948965
60,val,319.29401969011667,0.9083833038806916
