at_episode,split,mean_return,mean_cap_factor
10,val,124.80675818027088,0.4900741189718246
20,val,210.62561618443652,0.907780530055364
30,val,205.2067633993779,0.9057291666666667
40,val,187.94199832615323,0.8848957419395447
50,val,237.62289180087905,0.9057291666666667
60,val,321.1679173335068,0.9161458333333333
