at_episode,split,mean_return,mean_cap_factor
10,val,123.71001817553325,0.485883836944898
20,val,220.0097564152635,0.9511923698584239
30,val,205.20659723005875,0.9057283226648967
40,val,187.94197683132427,0.8848956235249837
50,val,237.62289180087905,0.9057291666666667
60,val,321.1679173335068,0.9161458333333333
