at_episode,split,mean_return,mean_cap_factor
10,val,192.80896576294901,0.48615113556385037
20,val,13.460992391394187,0.08243422890702884
30,val,375.68081466544004,0.8783764239152272
40,val,216.23151823985188,0.9415279046694438
50,val,255.6129276202047,0.946742927233378
60,val,228.16532187473263,0.9161445585886637
