at_episode,split,mean_return,mean_cap_factor
10,val,186.90001569531415,0.471647407412529
20,val,235.82340073986373,0.6488843498627345
30,val,376.5727709148565,0.8848937694231669
40,val,216.25120287858368,0.941533575852712
50,val,255.63066833478592,0.9467447888851166
60,val,228.18543619201773,0.9161458333333333
