at_episode,split,mean_return,mean_cap_factor
10,val,124.82772208506981,0.48985949099063875
20,val,220.0306406611341,0.9513014241059621
30,val,205.2053256550676,0.9057215956846874
40,val,187.6735802298047,0.8836449122428894
50,val,235.15557986097608,0.8973469161987304
60,val,321.15060947533897,0.9160743538538615
