at_episode,split,mean_return,mean_cap_factor
10,val,186.59992302724936,0.47115655183792116
20,val,297.66907117757694,0.9513010160128276
30,val,376.0367439302603,0.8831065913041434
40,val,216.05540391852816,0.940638708670934
50,val,255.63066908085096,0.9467447916666667
60,val,228.18543619201773,0.9161458333333333
