at_episode,split,mean_return,mean_cap_factor
10,val,125.15148278691827,0.49069473246733347
20,val,82.34659756743568,0.3574830343325933
30,val,205.18393600724423,0.9057147630055745
40,val,187.92125478362203,0.884890855550766
50,val,237.60286728293278,0.905729067325592
60,val,321.1479149256036,0.9161458114782969
