at_episode,split,mean_return,mean_cap_factor
10,val,192.56722706934434,0.4856007287899653
20,val,127.0648663289044,0.3827559837698936
30,val,376.55594999601004,0.8848958325386047
40,val,216.23301746284199,0.9415359930197398
50,val,255.61316908085098,0.9467447916666667
60,val,228.16543619201775,0.9161458333333333
