at_episode,split,mean_return,mean_cap_factor
10,val,125.19379200102017,0.4913625180721283
20,val,220.02907318205763,0.9512930456797282
30,val,205.2067633993779,0.9057291666666667
40,val,187.94201445816338,0.8848958333333333
50,val,237.62289180087905,0.9057291666666667
60,val,321.1679173335068,0.9161458333333333
