at_episode,split,mean_return,mean_cap_factor
10,val,123.72730980634782,0.4856235732634862
20,val,220.0296026585233,0.951295818090439
30,val,205.2067633993779,0.9057291666666667
40,val,187.94201352417147,0.8848958273728689
50,val,237.62289180087905,0.9057291666666667
60,val,321.1679173335068,0.9161458333333333
