at_episode,split,mean_return,mean_cap_factor
10,val,124.24996785064633,0.48724739253520966
20,val,220.03075574237664,0.9513020833333333
30,val,78.51878022189493,0.3487112635374069
40,val,164.13453433158838,0.7627223257223765
50,val,237.62284109905517,0.9057289850711823
60,val,321.1679173335068,0.9161458333333333
