at_episode,split,mean_return,mean_cap_factor
10,val,127.32657017964422,0.49922440727551776
20,val,220.01325574237666,0.9513020833333333
30,val,205.18676339937792,0.9057291666666667
40,val,187.92201445816337,0.8848958333333333
50,val,237.60289180087904,0.9057291666666667
60,val,321.1479173335068,0.9161458333333333
