at_episode,split,mean_return,mean_cap_factor
10,val,191.6043453076983,0.48314043184121447
20,val,297.662254105726,0.9512584706147511
30,val,376.573036618821,0.8848945649464925
40,val,206.80587441831318,0.89984650293986
50,val,255.63066822845167,0.946744786898295
60,val,228.18543619201773,0.9161458333333333
