at_episode,split,mean_return,mean_cap_factor
10,val,124.78612956242051,0.4899722518523534
20,val,219.4976927473051,0.9486308976014455
30,val,145.13566532686275,0.6362102039655049
40,val,187.81565991735985,0.8842698514461518
50,val,237.55844426024447,0.9054987212022145
60,val,321.1656477197663,0.9161375610033671
