at_episode,split,mean_return,mean_cap_factor
10,val,121.76036896206614,0.47763765752315523
20,val,220.03061894807428,0.9513012878100078
30,val,205.20674750272087,0.9057290748755137
40,val,187.9419430118059,0.8848953950405121
50,val,237.62289180087905,0.9057291666666667
60,val,321.1679173335068,0.9161458333333333
