at_episode,split,mean_return,mean_cap_factor
10,val,190.00280135899666,0.47885082602500917
20,val,5.611381626768216,0.04007590778172016
30,val,365.79757387417715,0.8563611165682474
40,val,91.45973495706318,0.4189211518565814
50,val,244.20745237170837,0.9023441419998804
60,val,227.85818474599708,0.9139550880591074
