at_episode,split,mean_return,mean_cap_factor
10,val,185.30646660678275,0.4677855251232783
20,val,67.56570162402052,0.2345666671295961
30,val,376.5734502969324,0.8848958333333333
40,val,216.25186747347703,0.9415364583333333
50,val,255.63066908085096,0.9467447916666667
60,val,228.18543619201773,0.9161458333333333
