at_episode,split,mean_return,mean_cap_factor
10,val,124.33617473600094,0.48774036347866057
20,val,151.6396347892658,0.648548011581103
30,val,205.2044318442251,0.9057174241542816
40,val,187.9416031273644,0.8848934026559194
50,val,237.62289091673847,0.9057291622956594
60,val,321.1679173335068,0.9161458333333333
