at_episode,split,mean_return,mean_cap_factor
10,val,124.47721836338096,0.4884922271966934
20,val,159.2592877560778,0.6806281499067942
30,val,205.20674790988264,0.9057290760676067
40,val,187.94198047440383,0.8848956390221914
50,val,237.62289180087905,0.9057291666666667
60,val,321.1679173335068,0.9161458333333333
