at_episode,split,mean_return,mean_cap_factor
10,val,190.46081654595912,0.48051374395688373
20,val,214.29288636416908,0.5944024566809336
30,val,351.880950400669,0.7903679418563843
40,val,216.2431254028386,0.9414991283416747
50,val,255.6306318080825,0.9467446025212606
60,val,228.18543619201773,0.9161458333333333
