at_episode,split,mean_return,mean_cap_factor
10,val,122.8482720919819,0.4820065104961395
20,val,74.1494753761536,0.3242043141523997
30,val,203.26626573293237,0.8967116745313009
40,val,187.94183120202715,0.8848947648207346
50,val,237.62289180087905,0.9057291666666667
60,val,321.1679173335068,0.9161458333333333
