at_episode,split,mean_return,mean_cap_factor
10,val,188.53104597057384,0.4758818439642588
20,val,123.97708850413845,0.3810845936338107
30,val,376.4200966976072,0.884376273949941
40,val,216.11298085613078,0.9409814190864563
50,val,255.63066908085096,0.9467447916666667
60,val,228.18543619201773,0.9161458333333333
