at_episode,split,mean_return,mean_cap_factor
10,val,430.1663294718992,0.463567743240645
20,val,428.70881574967166,0.883176139871842
30,val,460.3884815059284,0.8818969210537376
40,val,353.14121216757815,0.8714542992168359
50,val,317.42856893838814,0.8602786822714633
60,val,405.9007882831857,0.8542155277542522
70,val,426.777984484805,0.8900154010774994
80,val,447.35433345927134,0.85517738549469
