at_episode,split,mean_return,mean_cap_factor
10,val,124.00722573524766,0.487023975054423
20,val,118.35524320969435,0.5089311500390371
30,val,205.18674263262545,0.9057290546099346
40,val,187.92199147619024,0.8848957010110219
50,val,237.60289180087904,0.9057291666666667
60,val,321.1479173335068,0.9161458333333333
