at_episode,split,mean_return,mean_cap_factor
10,val,192.25780175715488,0.48485389192899064
20,val,191.18057449548542,0.531196908156077
30,val,375.00409337383735,0.8792971515655518
40,val,216.2511492835801,0.9415333680311839
50,val,255.63066908085096,0.9467447916666667
60,val,228.18543619201773,0.9161458333333333
