at_episode,split,mean_return,mean_cap_factor
10,val,126.14260213262912,0.49467104772726694
20,val,219.92181513447179,0.9507488592465718
30,val,205.20663368888995,0.9057285233338674
40,val,187.94198483656245,0.8848956755797068
50,val,237.62289180087905,0.9057291666666667
60,val,321.1679173335068,0.9161458333333333
