at_episode,split,mean_return,mean_cap_factor
10,val,125.37525356295177,0.49207896312077837
20,val,142.3217837734657,0.6093765093882879
30,val,205.20675250780369,0.9057291007041931
40,val,187.94192772976513,0.8848953147729237
50,val,237.6228896069793,0.9057291583220164
60,val,321.1679173335068,0.9161458333333333
