at_episode,split,mean_return,mean_cap_factor
10,val,125.0077852693119,0.490175359249115
20,val,157.21670047912056,0.6710051129261653
30,val,205.20632616264942,0.9057269096374512
40,val,187.88770190463447,0.8845759431521099
50,val,235.1548131318802,0.8957898386319478
60,val,321.1496476048752,0.916055331627528
