at_episode,split,mean_return,mean_cap_factor
10,val,124.20794485721366,0.48758288462956745
20,val,136.70287179117642,0.5869174442688625
30,val,181.59696419210383,0.7985547176996868
40,val,187.93892981495767,0.8848776785532633
50,val,237.6228778004529,0.9057291110356649
60,val,321.1679173335068,0.9161458333333333
