at_episode,split,mean_return,mean_cap_factor
10,val,125.29546872830275,0.49138441324234006
20,val,220.0300420370744,0.9512979670365651
30,val,205.20671144490535,0.905728882153829
40,val,187.9419538799936,0.8848954955736796
50,val,237.62289180087905,0.9057291666666667
60,val,321.1679173335068,0.9161458333333333
