at_episode,split,mean_return,mean_cap_factor
10,val,187.90163565489055,0.47430875678857165
20,val,236.49913211769012,0.6500526811679205
30,val,376.5734502969324,0.8848958333333333
40,val,216.25186329669043,0.9415364344914754
50,val,255.63066908085096,0.9467447916666667
60,val,228.18543619201773,0.9161458333333333
