at_episode,split,mean_return,mean_cap_factor
10,val,191.75776318959538,0.48341689427693685
20,val,297.6686921072029,0.9512986242771149
30,val,376.5734502969324,0.8848958333333333
40,val,216.2518673047626,0.9415364567438762
50,val,255.63066908085096,0.9467447916666667
60,val,228.18543619201773,0.9161458333333333
