at_episode,split,mean_return,mean_cap_factor
10,val,189.6910536828609,0.47850387732187905
20,val,25.987575804989678,0.10488078231612841
30,val,0.0,0.0
40,val,216.25185102578354,0.9415363669395447
50,val,255.63065959881325,0.9467447344462077
60,val,228.1854338532048,0.9161458110809326
