at_episode,split,mean_return,mean_cap_factor
10,val,125.78155248160894,0.4932924052079518
20,val,163.8433166813174,0.7019964532057444
30,val,205.20673763582943,0.9057290319601694
40,val,187.94200755070682,0.8848958019415538
50,val,237.62289180087905,0.9057291666666667
60,val,321.1679173335068,0.9161458333333333
