at_episode,split,mean_return,mean_cap_factor
10,val,188.73879827792018,0.4762344392140706
20,val,164.95950667059734,0.4639276037613551
30,val,285.5113551617728,0.5945347934961319
40,val,166.16554148971235,0.7249738812446594
50,val,254.3515098660905,0.9413843933741252
60,val,227.42465716061156,0.9130124350388845
