at_episode,split,mean_return,mean_cap_factor
10,val,127.29073905671811,0.4993784574667613
20,val,122.5535314246387,0.5234800163904826
30,val,205.18674414144144,0.9057290569941203
40,val,187.92193871319978,0.8848953660329183
50,val,237.60289151408992,0.9057291654745738
60,val,321.14791052140384,0.9161458011468251
