at_episode,split,mean_return,mean_cap_factor
10,val,125.50719047053214,0.4925120741128921
20,val,45.83986866044635,0.2044288671016693
30,val,205.2067633993779,0.9057291666666667
40,val,187.94201445816338,0.8848958333333333
50,val,237.62289180087905,0.9057291666666667
60,val,321.1679173335068,0.9161458333333333
