at_episode,split,mean_return,mean_cap_factor
10,val,128.0971053946926,0.5022656704982122
20,val,100.86379346022258,0.43556603093942003
30,val,205.14711177292543,0.9055432689189911
40,val,155.74481798248758,0.7247264393170675
50,val,230.17056729361127,0.8813327157497406
60,val,317.1229077779896,0.9000577374299368
