at_episode,split,mean_return,mean_cap_factor
10,val,188.89927068168046,0.47647074500719705
20,val,297.6686804867514,0.951298504670461
30,val,132.36975280274584,0.28376425882180534
40,val,216.04635927264152,0.9407496953010559
50,val,255.63066908085096,0.9467447916666667
60,val,228.18543619201773,0.9161458333333333
