at_episode,split,mean_return,mean_cap_factor
10,val,126.87221751651208,0.4976638700564703
20,val,152.00413810444184,0.6517392988999684
30,val,205.2067628831648,0.9057291638851166
40,val,187.94200627052868,0.8848957884311677
50,val,237.62289180087905,0.9057291666666667
60,val,321.1679173335068,0.9161458333333333
