at_episode,split,mean_return,mean_cap_factor
10,val,189.9061738650417,0.4788525207837423
20,val,297.649280610554,0.9511775275071461
30,val,376.57310176520696,0.8848947683970134
40,val,216.25170967826918,0.9415356822808584
50,val,255.63066908085096,0.9467447916666667
60,val,228.18543619201773,0.9161458333333333
