at_episode,split,mean_return,mean_cap_factor
10,val,123.6480499254057,0.4855964648723602
20,val,219.89673556002538,0.9507232014338176
30,val,156.21932035496965,0.6833522949616114
40,val,184.0010008173557,0.863182547489802
50,val,237.58713151245848,0.9056649804115295
60,val,317.5448584849279,0.901133326292038
