at_episode,split,mean_return,mean_cap_factor
10,val,429.63771264103343,0.45978391669605945
20,val,276.1764754294743,0.45422148706609433
30,val,424.107747832955,0.5134337646980967
40,val,451.18132809367165,0.46947039384515443
50,val,355.71680651968563,0.43739313539257807
