at_episode,split,mean_return,mean_cap_factor
10,val,125.41246914423459,0.49202055851618454
20,val,220.03075574237664,0.9513020833333333
30,val,205.2067633993779,0.9057291666666667
40,val,187.94201445816338,0.8848958333333333
50,val,237.62289180087905,0.9057291666666667
60,val,321.1679173335068,0.9161458333333333
