at_episode,split,mean_return,mean_cap_factor
10,val,187.58942144538997,0.4733856058120728
20,val,297.565862245738,0.9507829010486603
30,val,376.5559457127656,0.8848958206176758
40,val,216.232980450338,0.9415357967217763
50,val,255.61316891583226,0.946744790871938
60,val,228.16500243250334,0.9161439899603525
