at_episode,split,mean_return,mean_cap_factor
10,val,125.72833665019722,0.4932461460431417
20,val,177.70102479003833,0.7597177211443583
30,val,187.87515688165314,0.8293717376391092
40,val,149.93312743010915,0.700249311129252
50,val,214.81505108208765,0.8253202392657597
60,val,309.86704147559067,0.8648510082562764
