at_episode,split,mean_return,mean_cap_factor
10,val,123.9473893505958,0.48673474470774336
20,val,118.18071705774653,0.5067849228779475
30,val,189.90061462855485,0.8365259941418965
40,val,187.9247343452169,0.8848032530148824
50,val,237.62285498830624,0.9057290244102478
60,val,321.1679173335068,0.9161458333333333
