at_episode,split,mean_return,mean_cap_factor
10,val,187.0732168698773,0.47226475914319355
20,val,169.49944946837195,0.45002259145180384
30,val,376.5668141336208,0.8848755498727163
40,val,216.25186725066357,0.9415364559491475
50,val,255.63066908085096,0.9467447916666667
60,val,228.18543619201773,0.9161458333333333
