at_episode,split,mean_return,mean_cap_factor
10,val,190.69800843202944,0.48096501429875693
20,val,297.6688572183504,0.9512998143831889
30,val,141.38448287140955,0.3019810293118159
40,val,136.6611930456268,0.602605517109235
50,val,195.5912966830403,0.7332771378755569
60,val,220.30015897628965,0.8864674135049184
