at_episode,split,mean_return,mean_cap_factor
10,val,122.84210203029535,0.482069951693217
20,val,76.13955649423612,0.3286919299761454
30,val,147.06540572701192,0.6397011268138886
40,val,134.39628704392055,0.5946257321039836
50,val,230.9986586821528,0.8843710096677144
60,val,318.76319630437763,0.9064195628960927
