at_episode,split,mean_return,mean_cap_factor
10,val,123.62332008911258,0.4851294799645742
20,val,205.64263350214853,0.8852847520510356
30,val,205.20591093611273,0.9057246931393941
40,val,187.94201364484906,0.8848958281675974
50,val,237.62289180087905,0.9057291666666667
60,val,321.1679173335068,0.9161458333333333
