at_episode,split,mean_return,mean_cap_factor
10,val,188.13348810771015,0.47452350238958996
20,val,141.9455445444891,0.4114363787571589
30,val,376.57334924345037,0.8848955285549164
40,val,216.25176363900175,0.9415359993775685
50,val,255.63066908085096,0.9467447916666667
60,val,228.18543619201773,0.9161458333333333
