at_episode,split,mean_return,mean_cap_factor
10,val,126.32716446139915,0.4954027809699376
20,val,168.4502941254413,0.721696781317393
30,val,205.18591362242034,0.9056303258736929
40,val,187.94175141496277,0.8848945271968842
50,val,237.62289180087905,0.9057291666666667
60,val,321.1679173335068,0.9161458333333333
