at_episode,split,mean_return,mean_cap_factor
10,val,189.9160059315845,0.4790941919883092
20,val,297.64352433315264,0.9511485413710277
30,val,376.5734502969324,0.8848958333333333
40,val,216.25186747347703,0.9415364583333333
50,val,255.63066908085096,0.9467447916666667
60,val,228.18543619201773,0.9161458333333333
