at_episode,split,mean_return,mean_cap_factor
10,val,191.41214737705639,0.482715377608935
20,val,286.027333075437,0.8827816720803578
30,val,376.4820655812234,0.8846030402183533
40,val,216.24853131400982,0.9415227111180624
50,val,255.6300873514068,0.9467422183354696
60,val,228.18529010135416,0.9161451383431752
