at_episode,split,mean_return,mean_cap_factor
10,val,124.99230401743304,0.4906558465957641
20,val,215.86843654144394,0.9317114571730296
30,val,91.84868902300849,0.3982181889812152
40,val,67.16563733039389,0.28643625512719156
50,val,237.59416008509027,0.9056927931308747
60,val,321.14790386206744,0.9161457657814025
