at_episode,split,mean_return,mean_cap_factor
10,val,190.1337886076293,0.4794258560736974
20,val,167.708670031992,0.4785601486762365
30,val,376.5734502969324,0.8848958333333333
40,val,216.2518657704741,0.9415364499886831
50,val,255.63066908085096,0.9467447916666667
60,val,228.18543619201773,0.9161458333333333
