at_episode,split,mean_return,mean_cap_factor
10,val,192.64906725340552,0.4855747524897257
20,val,209.48545833920258,0.5795918798446655
30,val,4.697644650258333,0.017578125
40,val,210.4310313329509,0.9162381037076315
50,val,255.63066795319324,0.9467447853088379
60,val,228.18543549396958,0.9161458305517833
