at_episode,split,mean_return,mean_cap_factor
10,val,188.5079724476276,0.4756851613521576
20,val,250.1252576950334,0.6961087143421173
30,val,376.57324344731956,0.8848952102661133
40,val,216.2517908740355,0.9415360951423645
50,val,255.63066908085096,0.9467447916666667
60,val,228.18543619201773,0.9161458333333333
